date,asset,monthly_return,,,Start,End,,,,,,,,,,
2/29/2000,^SP500TR,-0.018928643,,,100,98.1071357,,,,,,,,,,
3/31/2000,^SP500TR,0.097828516,,,98.1071357,107.7048112,,,,,,,,,,
4/30/2000,^SP500TR,-0.030085678,,,107.7048112,104.4644389,,,,,,,,,,
5/31/2000,^SP500TR,-0.020518074,,,104.4644389,102.3210298,,,,,,,,,,
6/30/2000,^SP500TR,0.024653803216618586,,,102.3210298,104.8436324,,,,,,,,,,
7/31/2000,^SP500TR,-0.015634689,,,104.8436324,103.2044348,,,,,,,,,,
8/31/2000,^SP500TR,0.062113875,,,103.2044348,109.6148621,,,,,,,,,,
9/30/2000,^SP500TR,-0.052793383,,,109.6148621,103.8279227,,,,,,,,,,
10/31/2000,^SP500TR,-0.004224048,,,103.8279227,103.3893486,,,,,,,,,,
11/30/2000,^SP500TR,-0.07883984,,,103.3893486,95.23814892,,,,,,,,,,
12/31/2000,^SP500TR,0.00489491,,,95.23814892,95.70433108,,,,,,,,12/31/2000,95.70433108,
1/31/2001,^SP500TR,0.035474647939257586,,,95.70433108,99.09940854,,,,,,,,12/31/2001,84.32890294,-11.89%
2/28/2001,^SP500TR,-0.091177676,,,99.09940854,90.06375477,,,,,,,,12/31/2002,65.69193667,-22.10%
3/31/2001,^SP500TR,-0.063351563,,,90.06375477,84.35807514,,,,,,,,12/31/2003,84.53516804,28.68%
4/30/2001,^SP500TR,0.077707233,,,84.35807514,90.91330774,,,,,,,,12/31/2004,93.73437787,10.88%
5/31/2001,^SP500TR,0.006703345,,,90.91330774,91.522731,,,,,,,,12/31/2005,98.33840188,4.91%
6/30/2001,^SP500TR,-0.024341394,,,91.522731,89.29494015,,,,,,,,12/31/2006,113.8704226,15.79%
7/31/2001,^SP500TR,-0.009840634,,,89.29494015,88.41622132,,,,,,,,12/31/2007,120.1261574,5.49%
8/31/2001,^SP500TR,-0.062605615,,,88.41622132,82.88086941,,,,,,,,12/31/2008,75.68234882,-37.00%
9/30/2001,^SP500TR,-0.08075146,,,82.88086941,76.1881182,,,,,,,,12/31/2009,95.71110253,26.46%
10/31/2001,^SP500TR,0.019067619089267573,,,76.1881182,77.64084422,,,,,,,,12/31/2010,110.1284521,15.06%
11/30/2001,^SP500TR,0.076708457,,,77.64084422,83.59655358,,,,,,,,12/31/2011,112.4541618,2.11%
12/31/2001,^SP500TR,0.008760521,,,83.59655358,84.32890294,,,,,,,,12/31/2012,130.4504534,16.00%
1/31/2002,^SP500TR,-0.014595613,,,84.32890294,83.09807091,,,,,,,,12/31/2013,172.7013786,32.39%
2/28/2002,^SP500TR,-0.019281042,,,83.09807091,81.49585351,,,,,,,,12/31/2014,196.3413623,13.69%
3/31/2002,^SP500TR,0.037607353,,,81.49585351,84.56069685,,,,,,,,12/31/2015,199.0582633,1.38%
4/30/2002,^SP500TR,-0.060630918,,,84.56069685,79.43370417,,,,,,,,12/31/2016,222.8654591,11.96%
5/31/2002,^SP500TR,-0.007363922,,,79.43370417,78.84876057,,,,,,,,12/31/2017,271.5205361,21.83%
6/30/2002,^SP500TR,-0.071232801,,,78.84876057,73.2321425,,,,,,,,12/31/2018,259.6164424,-4.38%
7/31/2002,^SP500TR,-0.077954948,,,73.2321425,67.52333464,,,,,,,,12/31/2019,341.3602146,31.49%
8/31/2002,^SP500TR,0.006572365,,,67.52333464,67.96712264,,,,,,,,12/31/2020,404.166505,18.40%
9/30/2002,^SP500TR,-0.108685949,,,67.96712264,60.58005141,,,,,,,,12/31/2021,520.1839928,28.71%
10/31/2002,^SP500TR,0.088019322,,,60.58005141,65.91226647,,,,,,,,12/31/2022,425.9740477,-18.11%
11/30/2002,^SP500TR,0.058858377,,,65.91226647,69.79175549,,,,,,,,12/31/2023,537.9526538,26.29%
12/31/2002,^SP500TR,-0.058743598,,,69.79175549,65.69193667,,,,,,,,12/31/2024,672.546697,25.02%
1/31/2003,^SP500TR,-0.026197718,,,65.69193667,63.97095783,,,,,,,,,,
2/28/2003,^SP500TR,-0.015006476,,,63.97095783,63.01097919,,,,,,,,,,
3/31/2003,^SP500TR,0.009713072,,,63.01097919,63.62300937,,,,,,,,,,
4/30/2003,^SP500TR,0.082368631,,,63.62300937,68.86354955,,,,,,,,,,
5/31/2003,^SP500TR,0.052682556,,,68.86354955,72.49145736,,,,,,,,,,
6/30/2003,^SP500TR,0.012761195,,,72.49145736,73.41653498,,,,,,,,,,
7/31/2003,^SP500TR,0.017630598469141168,,,73.41653498,74.71091243,,,,,,,,,,
8/31/2003,^SP500TR,0.019500459190277875,,,74.71091243,76.16780953,,,,,,,,,,
9/30/2003,^SP500TR,-0.010620275,,,76.16780953,75.35888644,,,,,,,,,,
10/31/2003,^SP500TR,0.056574282,,,75.35888644,79.62226134,,,,,,,,,,
11/30/2003,^SP500TR,0.008798754,,,79.62226134,80.32283803,,,,,,,,,,
12/31/2003,^SP500TR,0.052442494785530425,,,80.32283803,84.53516804,,,,,,,,,,
1/31/2004,^SP500TR,0.018355601647641606,,,84.53516804,86.08686191,,,,,,,,,,
2/29/2004,^SP500TR,0.013898199327521343,,,86.08686191,87.28331428,,,,,,,,,,
3/31/2004,^SP500TR,-0.015086178,,,87.28331428,85.96654266,,,,,,,,,,
4/30/2004,^SP500TR,-0.015699054,,,85.96654266,84.61694927,,,,,,,,,,
5/31/2004,^SP500TR,0.013721084,,,84.61694927,85.77798553,,,,,,,,,,
6/30/2004,^SP500TR,0.019449785205772452,,,85.77798553,87.44634893,,,,,,,,,,
7/31/2004,^SP500TR,-0.033100402,,,87.44634893,84.55183963,,,,,,,,,,
8/31/2004,^SP500TR,0.004047378,,,84.55183963,84.89405288,,,,,,,,,,
9/30/2004,^SP500TR,0.010829365571846328,,,84.89405288,85.81340161,,,,,,,,,,
10/31/2004,^SP500TR,0.015277905797769442,,,85.81340161,87.12445068,,,,,,,,,,
11/30/2004,^SP500TR,0.040462697,,,87.12445068,90.64974093,,,,,,,,,,
12/31/2004,^SP500TR,0.034028083334087356,,,90.64974093,93.73437787,,,,,,,,,,
1/31/2005,^SP500TR,-0.024378313,,,93.73437787,91.44929187,,,,,,,,,,
2/28/2005,^SP500TR,0.021045948032373474,,,91.44929187,93.37392891,,,,,,,,,,
3/31/2005,^SP500TR,-0.017705823,,,93.37392891,91.72066665,,,,,,,,,,
4/30/2005,^SP500TR,-0.018967695,,,91.72066665,89.98093702,,,,,,,,,,
5/31/2005,^SP500TR,0.031820717349376304,,,89.98093702,92.84419499,,,,,,,,,,
6/30/2005,^SP500TR,0.001419403,,,92.84419499,92.97597831,,,,,,,,,,
7/31/2005,^SP500TR,0.037187886344447474,,,92.97597831,96.43355843,,,,,,,,,,
8/31/2005,^SP500TR,-0.009122982,,,96.43355843,95.55379681,,,,,,,,,,
9/30/2005,^SP500TR,0.008094924,,,95.55379681,96.32729753,,,,,,,,,,
10/31/2005,^SP500TR,-0.016670879,,,96.32729753,94.72143681,,,,,,,,,,
11/30/2005,^SP500TR,0.037822397,,,94.72143681,98.3040286,,,,,,,,,,
12/31/2005,^SP500TR,0.000349663,,,98.3040286,98.33840188,,,,,,,,,,
1/31/2006,^SP500TR,0.026478656025176184,,,98.33840188,100.9422706,,,,,,,,,,
2/28/2006,^SP500TR,0.002714178,,,100.9422706,101.2162459,,,,,,,,,,
3/31/2006,^SP500TR,0.012448635597123614,,,101.2162459,102.4762501,,,,,,,,,,
4/30/2006,^SP500TR,0.013423961875255852,,,102.4762501,103.8518873,,,,,,,,,,
5/31/2006,^SP500TR,-0.028779362,,,103.8518873,100.8630963,,,,,,,,,,
6/30/2006,^SP500TR,0.001353017,,,100.8630963,100.9995657,,,,,,,,,,
7/31/2006,^SP500TR,0.006173174,,,100.9995657,101.6230536,,,,,,,,,,
8/31/2006,^SP500TR,0.023792949228760962,,,101.6230536,104.0409658,,,,,,,,,,
9/30/2006,^SP500TR,0.025768165,,,104.0409658,106.7219106,,,,,,,,,,
10/31/2006,^SP500TR,0.032583502904404815,,,106.7219106,110.1992843,,,,,,,,,,
11/30/2006,^SP500TR,0.019020156,,,110.1992843,112.2952918,,,,,,,,,,
12/31/2006,^SP500TR,0.014026685842574382,,,112.2952918,113.8704226,,,,,,,,,,
1/31/2007,^SP500TR,0.015122641547361981,,,113.8704226,115.5924442,,,,,,,,,,
2/28/2007,^SP500TR,-0.019561152,,,115.5924442,113.3313228,,,,,,,,,,
3/31/2007,^SP500TR,0.011186833026724186,,,113.3313228,114.5991414,,,,,,,,,,
4/30/2007,^SP500TR,0.044297564,,,114.5991414,119.6756042,,,,,,,,,,
5/31/2007,^SP500TR,0.0348932,,,119.6756042,123.851469,,,,,,,,,,
6/30/2007,^SP500TR,-0.016612344,,,123.851469,121.7940058,,,,,,,,,,
7/31/2007,^SP500TR,-0.031006094,,,121.7940058,118.0176494,,,,,,,,,,
8/31/2007,^SP500TR,0.014988397191879166,,,118.0176494,119.7865448,,,,,,,,,,
9/30/2007,^SP500TR,0.037400372754206934,,,119.7865448,124.2666062,,,,,,,,,,
10/31/2007,^SP500TR,0.015907127256301612,,,124.2666062,126.243331,,,,,,,,,,
11/30/2007,^SP500TR,-0.04180843,,,126.243331,120.9652955,,,,,,,,,,
12/31/2007,^SP500TR,-0.006937015,,,120.9652955,120.1261574,,,,,,,,,,
1/31/2008,^SP500TR,-0.059981042,,,120.1261574,112.9208653,,,,,,,,,,
2/29/2008,^SP500TR,-0.032483014,,,112.9208653,109.2528553,,,,,,,,,,
3/31/2008,^SP500TR,-0.004319497,,,109.2528553,108.7809379,,,,,,,,,,
4/30/2008,^SP500TR,0.048701873,,,108.7809379,114.0787733,,,,,,,,,,
5/31/2008,^SP500TR,0.012953623166434225,,,114.0787733,115.5565068,,,,,,,,,,
6/30/2008,^SP500TR,-0.084304724,,,115.5565068,105.8145474,,,,,,,,,,
7/31/2008,^SP500TR,-0.008407683,,,105.8145474,104.9248922,,,,,,,,,,
8/31/2008,^SP500TR,0.014465924888692916,,,104.9248922,106.4427278,,,,,,,,,,
9/30/2008,^SP500TR,-0.089105658,,,106.4427278,96.95807849,,,,,,,,,,
10/31/2008,^SP500TR,-0.167950561,,,96.95807849,80.67391481,,,,,,,,,,
11/30/2008,^SP500TR,-0.071751862,,,80.67391481,74.88541121,,,,,,,,,,
12/31/2008,^SP500TR,0.010642094336859032,,,74.88541121,75.68234882,,,,,,,,,,
1/31/2009,^SP500TR,-0.084288822,,,75.68234882,69.30317279,,,,,,,,,,
2/28/2009,^SP500TR,-0.106477999,,,69.30317279,61.92390963,,,,,,,,,,
3/31/2009,^SP500TR,0.08759801,,,61.92390963,67.34832089,,,,,,,,,,
4/30/2009,^SP500TR,0.095709138,,,67.34832089,73.79417062,,,,,,,,,,
5/31/2009,^SP500TR,0.055931611052769004,,,73.79417062,77.92159747,,,,,,,,,,
6/30/2009,^SP500TR,0.001985314,,,77.92159747,78.07629631,,,,,,,,,,
7/31/2009,^SP500TR,0.075633529,,,78.07629631,83.98148213,,,,,,,,,,
8/31/2009,^SP500TR,0.036103453,,,83.98148213,87.01350363,,,,,,,,,,
9/30/2009,^SP500TR,0.037317701,,,87.01350363,90.26064754,,,,,,,,,,
10/31/2009,^SP500TR,-0.018576193,,,90.26064754,88.58394833,,,,,,,,,,
11/30/2009,^SP500TR,0.059982246,,,88.58394833,93.89741251,,,,,,,,,,
12/31/2009,^SP500TR,0.019315655,,,93.89741251,95.71110253,,,,,,,,,,
1/31/2010,^SP500TR,-0.035972776,,,95.71110253,92.26810848,,,,,,,,,,
2/28/2010,^SP500TR,0.030975496421446147,,,92.26810848,95.12615895,,,,,,,,,,
3/31/2010,^SP500TR,0.060347024,,,95.12615895,100.8667395,,,,,,,,,,
4/30/2010,^SP500TR,0.015786410738919843,,,100.8667395,102.4590633,,,,,,,,,,
5/31/2010,^SP500TR,-0.07985057,,,102.4590633,94.27764871,,,,,,,,,,
6/30/2010,^SP500TR,-0.052348645,,,94.27764871,89.34234155,,,,,,,,,,
7/31/2010,^SP500TR,0.070060601,,,89.34234155,95.60171969,,,,,,,,,,
8/31/2010,^SP500TR,-0.04514001,,,95.60171969,91.28625711,,,,,,,,,,
9/30/2010,^SP500TR,0.089241333,,,91.28625711,99.43276438,,,,,,,,,,
10/31/2010,^SP500TR,0.038052341,,,99.43276438,103.2164138,,,,,,,,,,
11/30/2010,^SP500TR,0.000126161,,,103.2164138,103.2294357,,,,,,,,,,
12/31/2010,^SP500TR,0.066831871,,,103.2294357,110.1284521,,,,,,,,,,
1/31/2011,^SP500TR,0.023700562531841385,,,110.1284521,112.7385583,,,,,,,,,,
2/28/2011,^SP500TR,0.034258986245601086,,,112.7385583,116.600867,,,,,,,,,,
3/31/2011,^SP500TR,0.000397531,,,116.600867,116.6472195,,,,,,,,,,
4/30/2011,^SP500TR,0.029614578,,,116.6472195,120.1016777,,,,,,,,,,
5/31/2011,^SP500TR,-0.01131952,,,120.1016777,118.7421843,,,,,,,,,,
6/30/2011,^SP500TR,-0.016669153,,,118.7421843,116.7628527,,,,,,,,,,
7/31/2011,^SP500TR,-0.020333073,,,116.7628527,114.3887051,,,,,,,,,,
8/31/2011,^SP500TR,-0.054324089,,,114.3887051,108.1746429,,,,,,,,,,
9/30/2011,^SP500TR,-0.070296318,,,108.1746429,100.5703638,,,,,,,,,,
10/31/2011,^SP500TR,0.1092920593446356,,,100.5703638,111.561906,,,,,,,,,,
11/30/2011,^SP500TR,-0.002208403,,,111.561906,111.3155323,,,,,,,,,,
12/31/2011,^SP500TR,0.010228846127483093,,,111.3155323,112.4541618,,,,,,,,,,
1/31/2012,^SP500TR,0.044813659770906344,,,112.4541618,117.4936443,,,,,,,,,,
2/29/2012,^SP500TR,0.043241775951570416,,,117.4936443,122.5742782,,,,,,,,,,
3/31/2012,^SP500TR,0.032907936,,,122.5742782,126.6079447,,,,,,,,,,
4/30/2012,^SP500TR,-0.006273991,,,126.6079447,125.8136076,,,,,,,,,,
5/31/2012,^SP500TR,-0.060101318,,,125.8136076,118.2520439,,,,,,,,,,
6/30/2012,^SP500TR,0.041202527942957756,,,118.2520439,123.1243271,,,,,,,,,,
7/31/2012,^SP500TR,0.013888745439514905,,,123.1243271,124.8343695,,,,,,,,,,
8/31/2012,^SP500TR,0.022523378,,,124.8343695,127.6460612,,,,,,,,,,
9/30/2012,^SP500TR,0.025842582,,,127.6460612,130.944765,,,,,,,,,,
10/31/2012,^SP500TR,-0.018465082,,,130.944765,128.5268592,,,,,,,,,,
11/30/2012,^SP500TR,0.005799392,,,128.5268592,129.2722368,,,,,,,,,,
12/31/2012,^SP500TR,0.009114228,,,129.2722368,130.4504534,,,,,,,,,,
1/31/2013,^SP500TR,0.051796,,,130.4504534,137.2072651,,,,,,,,,,
2/28/2013,^SP500TR,0.013575489324408219,,,137.2072651,139.0699209,,,,,,,,,,
3/31/2013,^SP500TR,0.037503044991254564,,,139.0699209,144.2854664,,,,,,,,,,
4/30/2013,^SP500TR,0.019266754,,,144.2854664,147.065379,,,,,,,,,,
5/31/2013,^SP500TR,0.023390087514379987,,,147.065379,150.5052511,,,,,,,,,,
6/30/2013,^SP500TR,-0.013428132,,,150.5052511,148.4842467,,,,,,,,,,
7/31/2013,^SP500TR,0.050886484,,,148.4842467,156.0400879,,,,,,,,,,
8/31/2013,^SP500TR,-0.028961322,,,156.0400879,151.5209607,,,,,,,,,,
9/30/2013,^SP500TR,0.031358276472711166,,,151.5209607,156.2723969,,,,,,,,,,
10/31/2013,^SP500TR,0.045967295093059635,,,156.2723969,163.4558163,,,,,,,,,,
11/30/2013,^SP500TR,0.030473912518165225,,,163.4558163,168.4369545,,,,,,,,,,
12/31/2013,^SP500TR,0.025317627354634054,,,168.4369545,172.7013786,,,,,,,,,,
1/31/2014,^SP500TR,-0.034576089,,,172.7013786,166.7300403,,,,,,,,,,
2/28/2014,^SP500TR,0.045745774,,,166.7300403,174.3572351,,,,,,,,,,
3/31/2014,^SP500TR,0.008403626,,,174.3572351,175.8224681,,,,,,,,,,
4/30/2014,^SP500TR,0.007391461,,,175.8224681,177.122053,,,,,,,,,,
5/31/2014,^SP500TR,0.023476259,,,177.122053,181.2802162,,,,,,,,,,
6/30/2014,^SP500TR,0.020656293518999336,,,181.2802162,185.0247935,,,,,,,,,,
7/31/2014,^SP500TR,-0.013791528,,,185.0247935,182.4730189,,,,,,,,,,
8/31/2014,^SP500TR,0.040003579,,,182.4730189,189.7725927,,,,,,,,,,
9/30/2014,^SP500TR,-0.014020162,,,189.7725927,187.1119502,,,,,,,,,,
10/31/2014,^SP500TR,0.024424800677674163,,,187.1119502,191.6821223,,,,,,,,,,
11/30/2014,^SP500TR,0.026894087,,,191.6821223,196.837238,,,,,,,,,,
12/31/2014,^SP500TR,-0.002519217,,,196.837238,196.3413623,,,,,,,,,,
1/31/2015,^SP500TR,-0.030020352,,,196.3413623,190.4471255,,,,,,,,,,
2/28/2015,^SP500TR,0.057473686614352815,,,190.4471255,201.3928239,,,,,,,,,,
3/31/2015,^SP500TR,-0.015815639,,,201.3928239,198.2076677,,,,,,,,,,
4/30/2015,^SP500TR,0.009594591,,,198.2076677,200.1093892,,,,,,,,,,
5/31/2015,^SP500TR,0.012858597308287534,,,200.1093892,202.6825152,,,,,,,,,,
6/30/2015,^SP500TR,-0.019359124,,,202.6825152,198.7587593,,,,,,,,,,
7/31/2015,^SP500TR,0.020952068,,,198.7587593,202.9231663,,,,,,,,,,
8/31/2015,^SP500TR,-0.060334218,,,202.9231663,190.6799558,,,,,,,,,,
9/30/2015,^SP500TR,-0.024743585,,,190.6799558,185.9618501,,,,,,,,,,
10/31/2015,^SP500TR,0.084354572,,,185.9618501,201.6485824,,,,,,,,,,
11/30/2015,^SP500TR,0.002973141,,,201.6485824,202.248112,,,,,,,,,,
12/31/2015,^SP500TR,-0.015771958,,,202.248112,199.0582633,,,,,,,,,,
1/31/2016,^SP500TR,-0.049623229,,,199.0582633,189.1803495,,,,,,,,,,
2/29/2016,^SP500TR,-0.001349107,,,189.1803495,188.925125,,,,,,,,,,
3/31/2016,^SP500TR,0.067837324,,,188.925125,201.7412999,,,,,,,,,,
4/30/2016,^SP500TR,0.003877962,,,201.7412999,202.523645,,,,,,,,,,
5/31/2016,^SP500TR,0.017957237,,,202.523645,206.1604101,,,,,,,,,,
6/30/2016,^SP500TR,0.002592254,,,206.1604101,206.6948302,,,,,,,,,,
7/31/2016,^SP500TR,0.03686796,,,206.6948302,214.315247,,,,,,,,,,
8/31/2016,^SP500TR,0.001404851,,,214.315247,214.6163279,,,,,,,,,,
9/30/2016,^SP500TR,0.000186885,,,214.6163279,214.6564365,,,,,,,,,,
10/31/2016,^SP500TR,-0.018240493,,,214.6564365,210.7409973,,,,,,,,,,
11/30/2016,^SP500TR,0.037035137353959025,,,210.7409973,218.5458191,,,,,,,,,,
12/31/2016,^SP500TR,0.019765374837583005,,,218.5458191,222.8654591,,,,,,,,,,
1/31/2017,^SP500TR,0.018966195,,,222.8654591,227.0923689,,,,,,,,,,
2/28/2017,^SP500TR,0.039708178764865654,,,227.0923689,236.1097932,,,,,,,,,,
3/31/2017,^SP500TR,0.001164762,,,236.1097932,236.384805,,,,,,,,,,
4/30/2017,^SP500TR,0.010270539195507356,,,236.384805,238.8126044,,,,,,,,,,
5/31/2017,^SP500TR,0.014072531092810037,,,238.8126044,242.1733022,,,,,,,,,,
6/30/2017,^SP500TR,0.006241751,,,242.1733022,243.6848876,,,,,,,,,,
7/31/2017,^SP500TR,0.020562804,,,243.6848876,248.6957322,,,,,,,,,,
8/31/2017,^SP500TR,0.003062087,,,248.6957322,249.4572602,,,,,,,,,,
9/30/2017,^SP500TR,0.020627755782101964,,,249.4572602,254.6030036,,,,,,,,,,
10/31/2017,^SP500TR,0.023334751501988382,,,254.6030036,260.5441014,,,,,,,,,,
11/30/2017,^SP500TR,0.030669580718061917,,,260.5441014,268.5348798,,,,,,,,,,
12/31/2017,^SP500TR,0.011118318682830974,,,268.5348798,271.5205361,,,,,,,,,,
1/31/2018,^SP500TR,0.057253779,,,271.5205361,287.0661129,,,,,,,,,,
2/28/2018,^SP500TR,-0.036855812,,,287.0661129,276.4860582,,,,,,,,,,
3/31/2018,^SP500TR,-0.02541402,,,276.4860582,269.459436,,,,,,,,,,
4/30/2018,^SP500TR,0.00383711,,,269.459436,270.4933815,,,,,,,,,,
5/31/2018,^SP500TR,0.024082244244804096,,,270.4933815,277.0074692,,,,,,,,,,
6/30/2018,^SP500TR,0.00615445,,,277.0074692,278.7122978,,,,,,,,,,
7/31/2018,^SP500TR,0.037214765,,,278.7122978,289.0845105,,,,,,,,,,
8/31/2018,^SP500TR,0.032583990699538656,,,289.0845105,298.5040375,,,,,,,,,,
9/30/2018,^SP500TR,0.005692071,,,298.5040375,300.2031436,,,,,,,,,,
10/31/2018,^SP500TR,-0.068349989,,,300.2031436,279.6842621,,,,,,,,,,
11/30/2018,^SP500TR,0.020378083784286183,,,279.6842621,285.3836914,,,,,,,,,,
12/31/2018,^SP500TR,-0.090289844,,,285.3836914,259.6164424,,,,,,,,,,
1/31/2019,^SP500TR,0.080134836,,,259.6164424,280.4207635,,,,,,,,,,
2/28/2019,^SP500TR,0.032108513,,,280.4207635,289.4246572,,,,,,,,,,
3/31/2019,^SP500TR,0.019431281619924246,,,289.4246572,295.0485492,,,,,,,,,,
4/30/2019,^SP500TR,0.040489314,,,295.0485492,306.9948626,,,,,,,,,,
5/31/2019,^SP500TR,-0.063548034,,,306.9948626,287.4859426,,,,,,,,,,
6/30/2019,^SP500TR,0.070476708,,,287.4859426,307.7470054,,,,,,,,,,
7/31/2019,^SP500TR,0.014373109105911164,,,307.7470054,312.1702867,,,,,,,,,,
8/31/2019,^SP500TR,-0.015841357,,,312.1702867,307.2250858,,,,,,,,,,
9/30/2019,^SP500TR,0.018710674837483898,,,307.2250858,312.9734744,,,,,,,,,,
10/31/2019,^SP500TR,0.021659015,,,312.9734744,319.7521716,,,,,,,,,,
11/30/2019,^SP500TR,0.036299052,,,319.7521716,331.3588723,,,,,,,,,,
12/31/2019,^SP500TR,0.030182811111814756,,,331.3588723,341.3602146,,,,,,,,,,
1/31/2020,^SP500TR,-0.000392126,,,341.3602146,341.2263584,,,,,,,,,,
2/29/2020,^SP500TR,-0.082318733,,,341.2263584,313.1370369,,,,,,,,,,
3/31/2020,^SP500TR,-0.123513496,,,313.1370369,274.4603867,,,,,,,,,,
4/30/2020,^SP500TR,0.12819402479140174,,,274.4603867,309.6445683,,,,,,,,,,
5/31/2020,^SP500TR,0.047627437,,,309.6445683,324.3921455,,,,,,,,,,
6/30/2020,^SP500TR,0.019888189,,,324.3921455,330.8437178,,,,,,,,,,
7/31/2020,^SP500TR,0.056385193,,,330.8437178,349.4984047,,,,,,,,,,
8/31/2020,^SP500TR,0.0718798,,,349.4984047,374.6202801,,,,,,,,,,
9/30/2020,^SP500TR,-0.037997165,,,374.6202801,360.3857715,,,,,,,,,,
10/31/2020,^SP500TR,-0.02659268,,,360.3857715,350.802148,,,,,,,,,,
11/30/2020,^SP500TR,0.10946365941098035,,,350.802148,389.2022349,,,,,,,,,,
12/31/2020,^SP500TR,0.038448572,,,389.2022349,404.166505,,,,,,,,,,
1/31/2021,^SP500TR,-0.010096249,,,404.166505,400.0859394,,,,,,,,,,
2/28/2021,^SP500TR,0.027574537649545094,,,400.0859394,411.1181242,,,,,,,,,,
3/31/2021,^SP500TR,0.043795607,,,411.1181242,429.123292,,,,,,,,,,
4/30/2021,^SP500TR,0.053369027112194045,,,429.123292,452.0251846,,,,,,,,,,
5/31/2021,^SP500TR,0.006984127,,,452.0251846,455.1821859,,,,,,,,,,
6/30/2021,^SP500TR,0.023345476895568984,,,455.1821859,465.8086311,,,,,,,,,,
7/31/2021,^SP500TR,0.023754322593721122,,,465.8086311,476.8735996,,,,,,,,,,
8/31/2021,^SP500TR,0.030405651,,,476.8735996,491.3732518,,,,,,,,,,
9/30/2021,^SP500TR,-0.046509384,,,491.3732518,468.5197845,,,,,,,,,,
10/31/2021,^SP500TR,0.070061296,,,468.5197845,501.3448878,,,,,,,,,,
11/30/2021,^SP500TR,-0.00692876,,,501.3448878,497.8711894,,,,,,,,,,
12/31/2021,^SP500TR,0.044816418,,,497.8711894,520.1839928,,,,,,,,,,
1/31/2022,^SP500TR,-0.05174685,,,520.1839928,493.2661097,,,,,,,,,,
2/28/2022,^SP500TR,-0.029942154,,,493.2661097,478.4966599,,,,,,,,,,
3/31/2022,^SP500TR,0.037129991432832465,,,478.4966599,496.2632368,,,,,,,,,,
4/30/2022,^SP500TR,-0.087201581,,,496.2632368,452.988298,,,,,,,,,,
5/31/2022,^SP500TR,0.00183395,,,452.988298,453.8190558,,,,,,,,,,
6/30/2022,^SP500TR,-0.082543611,,,453.8190558,416.3591922,,,,,,,,,,
7/31/2022,^SP500TR,0.092204444,,,416.3591922,454.7493601,,,,,,,,,,
8/31/2022,^SP500TR,-0.040781361,,,454.7493601,436.2040622,,,,,,,,,,
9/30/2022,^SP500TR,-0.092099488,,,436.2040622,396.0298914,,,,,,,,,,
10/31/2022,^SP500TR,0.080961293,,,396.0298914,428.0929835,,,,,,,,,,
11/30/2022,^SP500TR,0.055884726,,,428.0929835,452.0168426,,,,,,,,,,
12/31/2022,^SP500TR,-0.057614656,,,452.0168426,425.9740477,,,,,,,,,,
1/31/2023,^SP500TR,0.062834263,,,425.9740477,452.7398131,,,,,,,,,,
2/28/2023,^SP500TR,-0.024399794,,,452.7398131,441.6930549,,,,,,,,,,
3/31/2023,^SP500TR,0.036714319,,,441.6930549,457.9095146,,,,,,,,,,
4/30/2023,^SP500TR,0.015608883999174816,,,457.9095146,465.0569711,,,,,,,,,,
5/31/2023,^SP500TR,0.004346889,,,465.0569711,467.0785221,,,,,,,,,,
6/30/2023,^SP500TR,0.066075519,,,467.0785221,497.9409779,,,,,,,,,,
7/31/2023,^SP500TR,0.032124499,,,497.9409779,513.9370823,,,,,,,,,,
8/31/2023,^SP500TR,-0.015921102,,,513.9370823,505.7546376,,,,,,,,,,
9/30/2023,^SP500TR,-0.047678139,,,505.7546376,481.6411977,,,,,,,,,,
10/31/2023,^SP500TR,-0.021026941,,,481.6411977,471.5137567,,,,,,,,,,
11/30/2023,^SP500TR,0.09132586,,,471.5137567,514.575156,,,,,,,,,,
12/31/2023,^SP500TR,0.045430677149214116,,,514.575156,537.9526538,,,,,,,,,,
1/31/2024,^SP500TR,0.016804092,,,537.9526538,546.9924597,,,,,,,,,,
2/29/2024,^SP500TR,0.053395885,,,546.9924597,576.1996061,,,,,,,,,,
3/31/2024,^SP500TR,0.032174685531384695,,,576.1996061,594.7386473,,,,,,,,,,
4/30/2024,^SP500TR,-0.040845059,,,594.7386473,570.4465121,,,,,,,,,,
5/31/2024,^SP500TR,0.04958518,,,570.4465121,598.7322051,,,,,,,,,,
6/30/2024,^SP500TR,0.035881770581602135,,,598.7322051,620.2157767,,,,,,,,,,
7/31/2024,^SP500TR,0.012172471865234513,,,620.2157767,627.7653358,,,,,,,,,,
8/31/2024,^SP500TR,0.024256361140686522,,,627.7653358,642.9926385,,,,,,,,,,
9/30/2024,^SP500TR,0.021357052,,,642.9926385,656.7250657,,,,,,,,,,
10/31/2024,^SP500TR,-0.009068008,,,656.7250657,650.7698776,,,,,,,,,,
11/30/2024,^SP500TR,0.058700568,,,650.7698776,688.970439,,,,,,,,,,
12/31/2024,^SP500TR,-0.023838094,,,688.970439,672.546697,,,,,,,,,,
1/31/2025,^SP500TR,0.027847318318425573,,,672.546697,691.2753189,,,,,,,,,,
2/28/2025,^SP500TR,-0.013047638,,,691.2753189,682.2558088,,,,,,,,,,
3/31/2025,^SP500TR,-0.05634428,,,682.2558088,643.8145965,,,,,,,,,,
4/30/2025,^SP500TR,-0.006781463,,,643.8145965,639.4485916,,,,,,,,,,
5/31/2025,^SP500TR,0.062945235,,,639.4485916,679.6988335,,,,,,,,,,
6/30/2025,^SP500TR,0.050852439,,,679.6988335,714.2631769,,,,,,,,,,
7/31/2025,^SP500TR,0.022442682801333103,,,714.2631769,730.2931589,,,,,,,,,,
8/31/2025,^SP500TR,0.020271783333383198,,,730.2931589,745.0975035,,,,,,,,,,
9/30/2025,^SP500TR,0.036499952,,,745.0975035,772.2935267,,,,,,,,,,
10/31/2025,^SP500TR,0.007519508,,,772.2935267,778.100794,,,8.30%,,,,,,,
